method,prompt,tile_px,threshold,tp,fp,fn,precision,recall,f1,median_iou,shed_recall,sheds
SAM 3,building,1024,0.3,141,346,105,0.2895,0.5732,0.3847,0.7235,0.137,73
SAM 3,building,1024,0.4,141,308,105,0.314,0.5732,0.4058,0.727,0.137,73
SAM 3,building,1024,0.5,141,267,105,0.3456,0.5732,0.4312,0.727,0.1233,73
SAM 3,building,1024,0.6,133,222,113,0.3746,0.5407,0.4426,0.7328,0.0959,73
SAM 3,building,1024,0.7,121,156,125,0.4368,0.4919,0.4627,0.7425,0.0411,73
SAM 3,building,1536,0.3,147,294,99,0.3333,0.5976,0.4279,0.7398,0.1096,73
SAM 3,building,1536,0.4,145,246,101,0.3708,0.5894,0.4553,0.7402,0.1096,73
SAM 3,building,1536,0.5,139,216,107,0.3915,0.565,0.4626,0.751,0.0959,73
SAM 3,building,1536,0.6,138,179,108,0.4353,0.561,0.4902,0.7514,0.0411,73
SAM 3,building,1536,0.7,129,115,117,0.5287,0.5244,0.5265,0.7517,0.0274,73
SAM 3,building,2048,0.3,139,267,107,0.3424,0.565,0.4264,0.7446,0.0822,73
SAM 3,building,2048,0.4,137,216,109,0.3881,0.5569,0.4574,0.7453,0.0822,73
SAM 3,building,2048,0.5,134,187,112,0.4174,0.5447,0.4727,0.7461,0.0274,73
SAM 3,building,2048,0.6,132,141,114,0.4835,0.5366,0.5087,0.749,0.0274,73
SAM 3,building,2048,0.7,124,102,122,0.5487,0.5041,0.5254,0.7563,0.0137,73
SAM 3,house,1024,0.3,130,235,116,0.3562,0.5285,0.4255,0.734,0.137,73
SAM 3,house,1024,0.4,126,204,120,0.3818,0.5122,0.4375,0.7323,0.137,73
SAM 3,house,1024,0.5,113,170,133,0.3993,0.4593,0.4272,0.7437,0.1233,73
SAM 3,house,1024,0.6,108,144,138,0.4286,0.439,0.4337,0.7374,0.0959,73
SAM 3,house,1024,0.7,96,111,150,0.4638,0.3902,0.4238,0.7365,0.0548,73
SAM 3,house,1536,0.3,138,246,108,0.3594,0.561,0.4381,0.7378,0.1096,73
SAM 3,house,1536,0.4,134,190,112,0.4136,0.5447,0.4702,0.7378,0.1096,73
SAM 3,house,1536,0.5,123,161,123,0.4331,0.5,0.4642,0.7494,0.0959,73
SAM 3,house,1536,0.6,115,130,131,0.4694,0.4675,0.4684,0.7494,0.0685,73
SAM 3,house,1536,0.7,104,69,142,0.6012,0.4228,0.4964,0.7513,0.0274,73
SAM 3,house,2048,0.3,138,247,108,0.3584,0.561,0.4374,0.7379,0.0959,73
SAM 3,house,2048,0.4,128,172,118,0.4267,0.5203,0.4689,0.7441,0.0822,73
SAM 3,house,2048,0.5,119,126,127,0.4857,0.4837,0.4847,0.7426,0.0411,73
SAM 3,house,2048,0.6,107,90,139,0.5431,0.435,0.4831,0.7433,0.0274,73
SAM 3,house,2048,0.7,90,63,156,0.5882,0.3659,0.4511,0.7439,0.0137,73
SAM 3,roof,1024,0.3,125,497,121,0.201,0.5081,0.288,0.7093,0.137,73
SAM 3,roof,1024,0.4,126,434,120,0.225,0.5122,0.3127,0.708,0.137,73
SAM 3,roof,1024,0.5,127,374,119,0.2535,0.5163,0.34,0.7067,0.1233,73
SAM 3,roof,1024,0.6,123,332,123,0.2703,0.5,0.3509,0.7159,0.1233,73
SAM 3,roof,1024,0.7,116,275,130,0.2967,0.4715,0.3642,0.7239,0.0822,73
SAM 3,roof,1536,0.3,134,416,112,0.2436,0.5447,0.3367,0.7371,0.1233,73
SAM 3,roof,1536,0.4,134,350,112,0.2769,0.5447,0.3671,0.7371,0.1096,73
SAM 3,roof,1536,0.5,133,300,113,0.3072,0.5407,0.3918,0.7352,0.0959,73
SAM 3,roof,1536,0.6,131,255,115,0.3394,0.5325,0.4146,0.7352,0.0685,73
SAM 3,roof,1536,0.7,124,181,122,0.4066,0.5041,0.4501,0.7469,0.0274,73
SAM 3,roof,2048,0.3,133,362,113,0.2687,0.5407,0.359,0.7282,0.0959,73
SAM 3,roof,2048,0.4,134,297,112,0.3109,0.5447,0.3959,0.7323,0.0822,73
SAM 3,roof,2048,0.5,131,244,115,0.3493,0.5325,0.4219,0.7364,0.0548,73
SAM 3,roof,2048,0.6,122,184,124,0.3987,0.4959,0.442,0.7461,0.0411,73
SAM 3,roof,2048,0.7,115,127,131,0.4752,0.4675,0.4713,0.7531,0.0137,73
Esri local,,512,0.5,151,300,95,0.3348,0.6138,0.4333,0.7445,0.0959,73
Esri local,,512,0.6,147,252,99,0.3684,0.5976,0.4558,0.7449,0.0822,73
Esri local,,512,0.7,144,201,102,0.4174,0.5854,0.4873,0.7484,0.0685,73
Esri local,,512,0.8,138,155,108,0.471,0.561,0.5121,0.7519,0.0274,73
Esri local,,512,0.9,122,95,124,0.5622,0.4959,0.527,0.7586,0.0274,73
Esri city run,,,,135,62,111,0.6853,0.5488,0.6095,0.7539,0.0,73
