method,prompt,tile_px,threshold,regularize,tp,fp,fn,precision,recall,f1,median_iou,recall_under_20_m2,reference_under_20_m2
SAM 3,building,1024,0.3,off,141,346,105,0.2895,0.5732,0.3847,0.7235,0.137,73
SAM 3,building,1024,0.3,on,141,346,105,0.2895,0.5732,0.3847,0.7235,0.137,73
SAM 3,building,1024,0.4,off,141,308,105,0.314,0.5732,0.4058,0.727,0.137,73
SAM 3,building,1024,0.4,on,141,308,105,0.314,0.5732,0.4058,0.727,0.137,73
SAM 3,building,1024,0.5,off,141,267,105,0.3456,0.5732,0.4312,0.727,0.1233,73
SAM 3,building,1024,0.5,on,141,267,105,0.3456,0.5732,0.4312,0.727,0.1233,73
SAM 3,building,1024,0.6,off,133,222,113,0.3746,0.5407,0.4426,0.7328,0.0959,73
SAM 3,building,1024,0.6,on,133,222,113,0.3746,0.5407,0.4426,0.7328,0.0959,73
SAM 3,building,1024,0.7,off,121,156,125,0.4368,0.4919,0.4627,0.7425,0.0411,73
SAM 3,building,1024,0.7,on,121,156,125,0.4368,0.4919,0.4627,0.7425,0.0411,73
SAM 3,building,1024,0.75,off,115,123,131,0.4832,0.4675,0.4752,0.7448,0.0137,73
SAM 3,building,1024,0.75,on,115,123,131,0.4832,0.4675,0.4752,0.7448,0.0137,73
SAM 3,building,1024,0.8,off,97,74,149,0.5673,0.3943,0.4652,0.7552,0.0137,73
SAM 3,building,1024,0.8,on,97,74,149,0.5673,0.3943,0.4652,0.7552,0.0137,73
SAM 3,building,1024,0.85,off,69,42,177,0.6216,0.2805,0.3866,0.7645,0.0,73
SAM 3,building,1024,0.85,on,69,42,177,0.6216,0.2805,0.3866,0.7645,0.0,73
SAM 3,building,1024,0.9,off,26,9,220,0.7429,0.1057,0.1851,0.7762,0.0,73
SAM 3,building,1024,0.9,on,26,9,220,0.7429,0.1057,0.1851,0.7762,0.0,73
SAM 3,building,1536,0.3,off,147,294,99,0.3333,0.5976,0.4279,0.7398,0.1096,73
SAM 3,building,1536,0.3,on,147,294,99,0.3333,0.5976,0.4279,0.7398,0.1096,73
SAM 3,building,1536,0.4,off,145,246,101,0.3708,0.5894,0.4553,0.7402,0.1096,73
SAM 3,building,1536,0.4,on,145,246,101,0.3708,0.5894,0.4553,0.7402,0.1096,73
SAM 3,building,1536,0.5,off,139,216,107,0.3915,0.565,0.4626,0.751,0.0959,73
SAM 3,building,1536,0.5,on,139,216,107,0.3915,0.565,0.4626,0.751,0.0959,73
SAM 3,building,1536,0.6,off,138,179,108,0.4353,0.561,0.4902,0.7514,0.0411,73
SAM 3,building,1536,0.6,on,138,179,108,0.4353,0.561,0.4902,0.7514,0.0411,73
SAM 3,building,1536,0.7,off,129,115,117,0.5287,0.5244,0.5265,0.7517,0.0274,73
SAM 3,building,1536,0.7,on,129,115,117,0.5287,0.5244,0.5265,0.7517,0.0274,73
SAM 3,building,1536,0.75,off,119,95,127,0.5561,0.4837,0.5174,0.7532,0.0137,73
SAM 3,building,1536,0.75,on,119,95,127,0.5561,0.4837,0.5174,0.7532,0.0137,73
SAM 3,building,1536,0.8,off,108,67,138,0.6171,0.439,0.5131,0.757,0.0,73
SAM 3,building,1536,0.8,on,108,67,138,0.6171,0.439,0.5131,0.757,0.0,73
SAM 3,building,1536,0.85,off,89,47,157,0.6544,0.3618,0.466,0.7718,0.0,73
SAM 3,building,1536,0.85,on,89,47,157,0.6544,0.3618,0.466,0.7718,0.0,73
SAM 3,building,1536,0.9,off,43,18,203,0.7049,0.1748,0.2801,0.7719,0.0,73
SAM 3,building,1536,0.9,on,43,18,203,0.7049,0.1748,0.2801,0.7719,0.0,73
SAM 3,building,2048,0.3,off,139,267,107,0.3424,0.565,0.4264,0.7446,0.0822,73
SAM 3,building,2048,0.3,on,139,267,107,0.3424,0.565,0.4264,0.7446,0.0822,73
SAM 3,building,2048,0.4,off,137,216,109,0.3881,0.5569,0.4574,0.7453,0.0822,73
SAM 3,building,2048,0.4,on,137,216,109,0.3881,0.5569,0.4574,0.7453,0.0822,73
SAM 3,building,2048,0.5,off,134,187,112,0.4174,0.5447,0.4727,0.7461,0.0274,73
SAM 3,building,2048,0.5,on,134,187,112,0.4174,0.5447,0.4727,0.7461,0.0274,73
SAM 3,building,2048,0.6,off,132,141,114,0.4835,0.5366,0.5087,0.749,0.0274,73
SAM 3,building,2048,0.6,on,132,141,114,0.4835,0.5366,0.5087,0.749,0.0274,73
SAM 3,building,2048,0.7,off,124,102,122,0.5487,0.5041,0.5254,0.7563,0.0137,73
SAM 3,building,2048,0.7,on,124,102,122,0.5487,0.5041,0.5254,0.7563,0.0137,73
SAM 3,building,2048,0.75,off,119,79,127,0.601,0.4837,0.536,0.7572,0.0,73
SAM 3,building,2048,0.75,on,119,79,127,0.601,0.4837,0.536,0.7572,0.0,73
SAM 3,building,2048,0.8,off,102,62,144,0.622,0.4146,0.4976,0.7645,0.0,73
SAM 3,building,2048,0.8,on,102,62,144,0.622,0.4146,0.4976,0.7645,0.0,73
SAM 3,building,2048,0.85,off,83,49,163,0.6288,0.3374,0.4392,0.7727,0.0,73
SAM 3,building,2048,0.85,on,83,49,163,0.6288,0.3374,0.4392,0.7727,0.0,73
SAM 3,building,2048,0.9,off,39,20,207,0.661,0.1585,0.2557,0.7652,0.0,73
SAM 3,building,2048,0.9,on,39,20,207,0.661,0.1585,0.2557,0.7652,0.0,73
SAM 3,house,1024,0.3,off,130,235,116,0.3562,0.5285,0.4255,0.734,0.137,73
SAM 3,house,1024,0.3,on,130,235,116,0.3562,0.5285,0.4255,0.734,0.137,73
SAM 3,house,1024,0.4,off,126,204,120,0.3818,0.5122,0.4375,0.7323,0.137,73
SAM 3,house,1024,0.4,on,126,204,120,0.3818,0.5122,0.4375,0.7323,0.137,73
SAM 3,house,1024,0.5,off,113,170,133,0.3993,0.4593,0.4272,0.7437,0.1233,73
SAM 3,house,1024,0.5,on,113,170,133,0.3993,0.4593,0.4272,0.7437,0.1233,73
SAM 3,house,1024,0.6,off,108,144,138,0.4286,0.439,0.4337,0.7374,0.0959,73
SAM 3,house,1024,0.6,on,108,144,138,0.4286,0.439,0.4337,0.7374,0.0959,73
SAM 3,house,1024,0.7,off,96,111,150,0.4638,0.3902,0.4238,0.7365,0.0548,73
SAM 3,house,1024,0.7,on,96,111,150,0.4638,0.3902,0.4238,0.7365,0.0548,73
SAM 3,house,1024,0.75,off,86,82,160,0.5119,0.3496,0.4155,0.7396,0.0411,73
SAM 3,house,1024,0.75,on,86,82,160,0.5119,0.3496,0.4155,0.7396,0.0411,73
SAM 3,house,1024,0.8,off,79,57,167,0.5809,0.3211,0.4136,0.7383,0.0137,73
SAM 3,house,1024,0.8,on,79,57,167,0.5809,0.3211,0.4136,0.7383,0.0137,73
SAM 3,house,1024,0.85,off,59,27,187,0.686,0.2398,0.3554,0.7469,0.0,73
SAM 3,house,1024,0.85,on,59,27,187,0.686,0.2398,0.3554,0.7469,0.0,73
SAM 3,house,1024,0.9,off,23,5,223,0.8214,0.0935,0.1679,0.7748,0.0,73
SAM 3,house,1024,0.9,on,23,5,223,0.8214,0.0935,0.1679,0.7748,0.0,73
SAM 3,house,1536,0.3,off,138,246,108,0.3594,0.561,0.4381,0.7378,0.1096,73
SAM 3,house,1536,0.3,on,138,246,108,0.3594,0.561,0.4381,0.7378,0.1096,73
SAM 3,house,1536,0.4,off,134,190,112,0.4136,0.5447,0.4702,0.7378,0.1096,73
SAM 3,house,1536,0.4,on,134,190,112,0.4136,0.5447,0.4702,0.7378,0.1096,73
SAM 3,house,1536,0.5,off,123,161,123,0.4331,0.5,0.4642,0.7494,0.0959,73
SAM 3,house,1536,0.5,on,123,161,123,0.4331,0.5,0.4642,0.7494,0.0959,73
SAM 3,house,1536,0.6,off,115,130,131,0.4694,0.4675,0.4684,0.7494,0.0685,73
SAM 3,house,1536,0.6,on,115,130,131,0.4694,0.4675,0.4684,0.7494,0.0685,73
SAM 3,house,1536,0.7,off,104,69,142,0.6012,0.4228,0.4964,0.7513,0.0274,73
SAM 3,house,1536,0.7,on,104,69,142,0.6012,0.4228,0.4964,0.7513,0.0274,73
SAM 3,house,1536,0.75,off,91,52,155,0.6364,0.3699,0.4679,0.7494,0.0274,73
SAM 3,house,1536,0.75,on,91,52,155,0.6364,0.3699,0.4679,0.7494,0.0274,73
SAM 3,house,1536,0.8,off,83,41,163,0.6694,0.3374,0.4486,0.7474,0.0,73
SAM 3,house,1536,0.8,on,83,41,163,0.6694,0.3374,0.4486,0.7474,0.0,73
SAM 3,house,1536,0.85,off,63,23,183,0.7326,0.2561,0.3795,0.758,0.0,73
SAM 3,house,1536,0.85,on,63,23,183,0.7326,0.2561,0.3795,0.758,0.0,73
SAM 3,house,1536,0.9,off,25,4,221,0.8621,0.1016,0.1818,0.7626,0.0,73
SAM 3,house,1536,0.9,on,25,4,221,0.8621,0.1016,0.1818,0.7626,0.0,73
SAM 3,house,2048,0.3,off,138,247,108,0.3584,0.561,0.4374,0.7379,0.0959,73
SAM 3,house,2048,0.3,on,138,247,108,0.3584,0.561,0.4374,0.7379,0.0959,73
SAM 3,house,2048,0.4,off,128,172,118,0.4267,0.5203,0.4689,0.7441,0.0822,73
SAM 3,house,2048,0.4,on,128,172,118,0.4267,0.5203,0.4689,0.7441,0.0822,73
SAM 3,house,2048,0.5,off,119,126,127,0.4857,0.4837,0.4847,0.7426,0.0411,73
SAM 3,house,2048,0.5,on,119,126,127,0.4857,0.4837,0.4847,0.7426,0.0411,73
SAM 3,house,2048,0.6,off,107,90,139,0.5431,0.435,0.4831,0.7433,0.0274,73
SAM 3,house,2048,0.6,on,107,90,139,0.5431,0.435,0.4831,0.7433,0.0274,73
SAM 3,house,2048,0.7,off,90,63,156,0.5882,0.3659,0.4511,0.7439,0.0137,73
SAM 3,house,2048,0.7,on,90,63,156,0.5882,0.3659,0.4511,0.7439,0.0137,73
SAM 3,house,2048,0.75,off,85,52,161,0.6204,0.3455,0.4439,0.7314,0.0,73
SAM 3,house,2048,0.75,on,85,52,161,0.6204,0.3455,0.4439,0.7314,0.0,73
SAM 3,house,2048,0.8,off,74,39,172,0.6549,0.3008,0.4123,0.7524,0.0,73
SAM 3,house,2048,0.8,on,74,39,172,0.6549,0.3008,0.4123,0.7524,0.0,73
SAM 3,house,2048,0.85,off,59,26,187,0.6941,0.2398,0.3565,0.7616,0.0,73
SAM 3,house,2048,0.85,on,59,26,187,0.6941,0.2398,0.3565,0.7616,0.0,73
SAM 3,house,2048,0.9,off,23,0,223,1.0,0.0935,0.171,0.7616,0.0,73
SAM 3,house,2048,0.9,on,23,0,223,1.0,0.0935,0.171,0.7616,0.0,73
SAM 3,roof,1024,0.3,off,125,497,121,0.201,0.5081,0.288,0.7093,0.137,73
SAM 3,roof,1024,0.3,on,125,497,121,0.201,0.5081,0.288,0.7093,0.137,73
SAM 3,roof,1024,0.4,off,126,434,120,0.225,0.5122,0.3127,0.708,0.137,73
SAM 3,roof,1024,0.4,on,126,434,120,0.225,0.5122,0.3127,0.708,0.137,73
SAM 3,roof,1024,0.5,off,127,374,119,0.2535,0.5163,0.34,0.7067,0.1233,73
SAM 3,roof,1024,0.5,on,127,374,119,0.2535,0.5163,0.34,0.7067,0.1233,73
SAM 3,roof,1024,0.6,off,123,332,123,0.2703,0.5,0.3509,0.7159,0.1233,73
SAM 3,roof,1024,0.6,on,123,332,123,0.2703,0.5,0.3509,0.7159,0.1233,73
SAM 3,roof,1024,0.7,off,116,275,130,0.2967,0.4715,0.3642,0.7239,0.0822,73
SAM 3,roof,1024,0.7,on,116,275,130,0.2967,0.4715,0.3642,0.7239,0.0822,73
SAM 3,roof,1024,0.75,off,110,240,136,0.3143,0.4472,0.3691,0.7362,0.0685,73
SAM 3,roof,1024,0.75,on,110,240,136,0.3143,0.4472,0.3691,0.7362,0.0685,73
SAM 3,roof,1024,0.8,off,107,173,139,0.3821,0.435,0.4068,0.7383,0.0411,73
SAM 3,roof,1024,0.8,on,107,173,139,0.3821,0.435,0.4068,0.7383,0.0411,73
SAM 3,roof,1024,0.85,off,86,93,160,0.4804,0.3496,0.4047,0.7592,0.0137,73
SAM 3,roof,1024,0.85,on,86,93,160,0.4804,0.3496,0.4047,0.7592,0.0137,73
SAM 3,roof,1024,0.9,off,49,43,197,0.5326,0.1992,0.2899,0.7578,0.0,73
SAM 3,roof,1024,0.9,on,49,43,197,0.5326,0.1992,0.2899,0.7578,0.0,73
SAM 3,roof,1536,0.3,off,134,416,112,0.2436,0.5447,0.3367,0.7371,0.1233,73
SAM 3,roof,1536,0.3,on,134,416,112,0.2436,0.5447,0.3367,0.7371,0.1233,73
SAM 3,roof,1536,0.4,off,134,350,112,0.2769,0.5447,0.3671,0.7371,0.1096,73
SAM 3,roof,1536,0.4,on,134,350,112,0.2769,0.5447,0.3671,0.7371,0.1096,73
SAM 3,roof,1536,0.5,off,133,300,113,0.3072,0.5407,0.3918,0.7352,0.0959,73
SAM 3,roof,1536,0.5,on,133,300,113,0.3072,0.5407,0.3918,0.7352,0.0959,73
SAM 3,roof,1536,0.6,off,131,255,115,0.3394,0.5325,0.4146,0.7352,0.0685,73
SAM 3,roof,1536,0.6,on,131,255,115,0.3394,0.5325,0.4146,0.7352,0.0685,73
SAM 3,roof,1536,0.7,off,124,181,122,0.4066,0.5041,0.4501,0.7469,0.0274,73
SAM 3,roof,1536,0.7,on,124,181,122,0.4066,0.5041,0.4501,0.7469,0.0274,73
SAM 3,roof,1536,0.75,off,112,145,134,0.4358,0.4553,0.4453,0.7523,0.0137,73
SAM 3,roof,1536,0.75,on,112,145,134,0.4358,0.4553,0.4453,0.7523,0.0137,73
SAM 3,roof,1536,0.8,off,100,99,146,0.5025,0.4065,0.4494,0.7616,0.0137,73
SAM 3,roof,1536,0.8,on,100,99,146,0.5025,0.4065,0.4494,0.7616,0.0137,73
SAM 3,roof,1536,0.85,off,83,67,163,0.5533,0.3374,0.4192,0.7738,0.0,73
SAM 3,roof,1536,0.85,on,83,67,163,0.5533,0.3374,0.4192,0.7738,0.0,73
SAM 3,roof,1536,0.9,off,54,25,192,0.6835,0.2195,0.3323,0.7705,0.0,73
SAM 3,roof,1536,0.9,on,54,25,192,0.6835,0.2195,0.3323,0.7705,0.0,73
SAM 3,roof,2048,0.3,off,133,362,113,0.2687,0.5407,0.359,0.7282,0.0959,73
SAM 3,roof,2048,0.3,on,133,362,113,0.2687,0.5407,0.359,0.7282,0.0959,73
SAM 3,roof,2048,0.4,off,134,297,112,0.3109,0.5447,0.3959,0.7323,0.0822,73
SAM 3,roof,2048,0.4,on,134,297,112,0.3109,0.5447,0.3959,0.7323,0.0822,73
SAM 3,roof,2048,0.5,off,131,244,115,0.3493,0.5325,0.4219,0.7364,0.0548,73
SAM 3,roof,2048,0.5,on,131,244,115,0.3493,0.5325,0.4219,0.7364,0.0548,73
SAM 3,roof,2048,0.6,off,122,184,124,0.3987,0.4959,0.442,0.7461,0.0411,73
SAM 3,roof,2048,0.6,on,122,184,124,0.3987,0.4959,0.442,0.7461,0.0411,73
SAM 3,roof,2048,0.7,off,115,127,131,0.4752,0.4675,0.4713,0.7531,0.0137,73
SAM 3,roof,2048,0.7,on,115,127,131,0.4752,0.4675,0.4713,0.7531,0.0137,73
SAM 3,roof,2048,0.75,off,112,97,134,0.5359,0.4553,0.4923,0.754,0.0137,73
SAM 3,roof,2048,0.75,on,112,97,134,0.5359,0.4553,0.4923,0.754,0.0137,73
SAM 3,roof,2048,0.8,off,93,69,153,0.5741,0.378,0.4559,0.7611,0.0,73
SAM 3,roof,2048,0.8,on,93,69,153,0.5741,0.378,0.4559,0.7611,0.0,73
SAM 3,roof,2048,0.85,off,71,49,175,0.5917,0.2886,0.388,0.7744,0.0,73
SAM 3,roof,2048,0.85,on,71,49,175,0.5917,0.2886,0.388,0.7744,0.0,73
SAM 3,roof,2048,0.9,off,40,16,206,0.7143,0.1626,0.2649,0.778,0.0,73
SAM 3,roof,2048,0.9,on,40,16,206,0.7143,0.1626,0.2649,0.778,0.0,73
Esri local,,512,0.5,off,151,300,95,0.3348,0.6138,0.4333,0.7445,0.0959,73
Esri local,,512,0.5,on,151,300,95,0.3348,0.6138,0.4333,0.7445,0.0959,73
Esri local,,512,0.6,off,147,252,99,0.3684,0.5976,0.4558,0.7449,0.0822,73
Esri local,,512,0.6,on,147,252,99,0.3684,0.5976,0.4558,0.7449,0.0822,73
Esri local,,512,0.7,off,144,201,102,0.4174,0.5854,0.4873,0.7484,0.0685,73
Esri local,,512,0.7,on,144,201,102,0.4174,0.5854,0.4873,0.7484,0.0685,73
Esri local,,512,0.8,off,138,155,108,0.471,0.561,0.5121,0.7519,0.0274,73
Esri local,,512,0.8,on,138,155,108,0.471,0.561,0.5121,0.7519,0.0274,73
Esri local,,512,0.9,off,122,95,124,0.5622,0.4959,0.527,0.7586,0.0274,73
Esri local,,512,0.9,on,122,95,124,0.5622,0.4959,0.527,0.7586,0.0274,73
Esri local,,512,0.95,off,94,50,152,0.6528,0.3821,0.4821,0.7502,0.0137,73
Esri local,,512,0.95,on,94,50,152,0.6528,0.3821,0.4821,0.7502,0.0137,73
Esri city run,,,,off,135,62,111,0.6853,0.5488,0.6095,0.7539,0.0,73
Esri city run,,,,on,135,62,111,0.6853,0.5488,0.6095,0.7538,0.0,73
